Inches,Centimeters,UniqueFact
0.3,0.76,"A 0.3-inch measurement is roughly the thickness of a standard smartphone, making it a key dimension in compact device design."
0.4,1.02,"At 0.4 inches, this length matches the diameter of a small coin, often used in precision engineering."
0.5,1.27,"Half an inch is commonly used to describe the thickness of slim laptops or tablets."
0.6,1.52,"A 0.6-inch gap is typical for small hardware components like screws or connectors."
0.7,1.78,"This 0.7-inch measurement is close to the width of a standard USB plug."
0.8,2.03,"At 0.8 inches, this is similar to the height of a stack of 10 credit cards."
0.9,2.29,"A 0.9-inch length is often seen in the diameter of watch faces for compact timepieces."
1,2.54,"One inch is a standard unit for measuring small objects like buttons or jewelry."
1.1,2.79,"A 1.1-inch measurement is typical for the width of a key on a standard keyboard."
1.2,3.05,"At 1.2 inches, this length is common for small tool bits or drill sizes."
1.3,3.30,"A 1.3-inch dimension is often used in the design of compact camera lenses."
1.4,3.56,"This 1.4-inch measurement matches the size of some smartwatch screens."
1.5,3.81,"A 1.5-inch length is typical for the diameter of a bottle cap."
1.6,4.06,"At 1.6 inches, this is close to the width of a standard USB flash drive."
1.7,4.32,"A 1.7-inch measurement is common for the diameter of small dessert plates."
1.8,4.57,"This 1.8-inch length is often used for the size of compact earbuds."
1.9,4.83,"A 1.9-inch dimension is typical for the width of a small smartphone."
2,5.08,"Two inches is a common length for keychains or small decorative items."
2.1,5.33,"A 2.1-inch measurement is often seen in the diameter of coffee mug bases."
2.3,5.84,"This 2.3-inch length is typical for the width of a standard computer mouse."
2.4,6.10,"A 2.4-inch measurement is common for the screen size of early mobile phones."
2.5,6.35,"At 2.5 inches, this is a standard size for external hard drive enclosures."
3,7.62,"Three inches is a common length for pocket knives or small tools."
4,10.16,"Four inches is typical for the screen size of compact smartphones."
5,12.70,"A 5-inch measurement is often used for modern smartphone screen diagonals."
6,15.24,"Six inches is a common length for rulers or small tablet screens."
7,17.78,"Seven inches is typical for the screen size of budget tablets."
8,20.32,"An 8-inch measurement is common for small baking pans or tablet screens."
9,22.86,"Nine inches is often used for the diameter of standard dinner plates."
10,25.40,"Ten inches is a popular size for netbook screens or small pizzas."
12,30.48,"A 12-inch measurement is standard for rulers or laptop screen sizes."
15,38.10,"Fifteen inches is common for mid-sized laptop screens."
24,60.96,"A 24-inch measurement is typical for desktop monitors or TV screens."
2000,5080.00,"A 2000-inch length is equivalent to over 50 meters, often used in large-scale industrial measurements."